{
"488gte": {"category": "player","sounds": [{"name": "flansfma:488gte","stream": false}]},
"488gte_on": {"category": "player","sounds": [{"name": "flansfma:488gte_on","stream": false}]},
"488gte_off": {"category": "player","sounds": [{"name": "flansfma:488gte_off","stream": false}]},
"488gte_stand": {"category": "player","sounds": [{"name": "flansfma:488gte_stand","stream": false}]},
"f12": {"category": "player","sounds": [{"name": "flansfma:f12","stream": false}]},
"f12_on": {"category": "player","sounds": [{"name": "flansfma:f12_on","stream": false}]},
"f12_off": {"category": "player","sounds": [{"name": "flansfma:f12_off","stream": false}]},
"f12_stand": {"category": "player","sounds": [{"name": "flansfma:f12_stand","stream": false}]},
"f40": {"category": "player","sounds": [{"name": "flansfma:f40","stream": false}]},
"f40_on": {"category": "player","sounds": [{"name": "flansfma:f40_on","stream": false}]},
"f40_off": {"category": "player","sounds": [{"name": "flansfma:f40_off","stream": false}]},
"f40_stand": {"category": "player","sounds": [{"name": "flansfma:f40_stand","stream": false}]},
"f50": {"category": "player","sounds": [{"name": "flansfma:f50","stream": false}]},
"f50_on": {"category": "player","sounds": [{"name": "flansfma:f50_on","stream": false}]},
"f50_off": {"category": "player","sounds": [{"name": "flansfma:f50_off","stream": false}]},
"f50_stand": {"category": "player","sounds": [{"name": "flansfma:f50_stand","stream": false}]},
"f60": {"category": "player","sounds": [{"name": "flansfma:f60","stream": false}]},
"f60_on": {"category": "player","sounds": [{"name": "flansfma:f60_on","stream": false}]},
"f60_off": {"category": "player","sounds": [{"name": "flansfma:f60_off","stream": false}]},
"f60_stand": {"category": "player","sounds": [{"name": "flansfma:f60_stand","stream": false}]},
"f70": {"category": "player","sounds": [{"name": "flansfma:f70","stream": false}]},
"f70_on": {"category": "player","sounds": [{"name": "flansfma:f70_on","stream": false}]},
"f70_off": {"category": "player","sounds": [{"name": "flansfma:f70_off","stream": false}]},
"f70_stand": {"category": "player","sounds": [{"name": "flansfma:f70_stand","stream": false}]},
"250": {"category": "player","sounds": [{"name": "flansfma:250","stream": false}]},
"250_on": {"category": "player","sounds": [{"name": "flansfma:250_on","stream": false}]},
"250_off": {"category": "player","sounds": [{"name": "flansfma:250_off","stream": false}]},
"250_stand": {"category": "player","sounds": [{"name": "flansfma:250_stand","stream": false}]}
}