{
   "parent":"builtin/generated",
   "textures":{
      "layer0":"flansmod:items/renault_master_gendarme2_letigreroyal"
   },
   "display":{
      "thirdperson_lefthand":{
         "rotation":[
            0,
            90,
            -35
         ],
         "translation":[
            0,
            1.25,
            -2.5
         ],
         "scale":[
            0.80,
            0.80,
            0.80
         ]
      },
      "thirdperson_righthand":{
         "rotation":[
            0,
            90,
            -35
         ],
         "translation":[
            0,
            1.25,
            -2.5
         ],
         "scale":[
            0.80,
            0.80,
            0.80
         ]
      },
      "firstperson_lefthand":{
         "rotation":[
            0,
            -45,
            25
         ],
         "translation":[
            0,
            4,
            2
         ],
         "scale":[
            0.80,
            0.80,
            0.80
         ]
      },
      "firstperson_righthand":{
         "rotation":[
            0,
            -45,
            25
         ],
         "translation":[
            0,
            4,
            2
         ],
         "scale":[
            0.80,
            0.80,
            0.80
         ]
      }
   }
}