{
	"AAfire": {
		"category" : "player",
		"sounds" : [ "flansmod:AAfire" ]
	},

	"BARReload": {
		"category" : "player",
		"sounds" : [ "flansmod:BARReload" ]
	},

	"bazookaReload": {
		"category" : "player",
		"sounds" : [ "flansmod:bazookaReload" ]
	},

	"bomb": {
		"category" : "player",
		"sounds" : [ "flansmod:bomb" ]
	},

	"bullet": {
		"category" : "player",
		"sounds" : [ "flansmod:bullet" ]
	},

	"Engine": {
		"category" : "player",
		"sounds" : [ "flansmod:Engine" ]
	},

	"gatling": {
		"category" : "player",
		"sounds" : [ "flansmod:gatling" ]
	},

	"helo": {
		"category" : "player",
		"sounds" : [ "flansmod:helo" ]
	},

	"LancasterProp": {
		"category" : "player",
		"sounds" : [ "flansmod:LancasterProp" ]
	},

	"lkw_lauf": {
		"category" : "player",
		"sounds" : [ "flansmod:lkw_lauf" ]
	},

	"lkw_start": {
		"category" : "player",
		"sounds" : [ "flansmod:lkw_start" ]
	},

	"PlaneShoot": {
		"category" : "player",
		"sounds" : [ "flansmod:PlaneShoot" ]
	},

	"propSound": {
		"category" : "player",
		"sounds" : [ "flansmod:propSound" ]
	},

	"propStart": {
		"category" : "player",
		"sounds" : [ "flansmod:propStart" ]
	},

	"RPGShoot": {
		"category" : "player",
		"sounds" : [ "flansmod:RPGShoot" ]
	},

	"TankShell": {
		"category" : "player",
		"sounds" : [ "flansmod:TankShell" ]
	},

	"viper": {
		"category" : "player",
		"sounds" : [ "flansmod:viper" ]
	},

	"_Grenade_throw_01": {
		"category" : "player",
		"sounds" : [ "flansmod:_Grenade_throw_01" ]
	},

	"_Shock_grenade_expl_01": {
		"category" : "player",
		"sounds" : [ "flansmod:_Shock_grenade_expl_01" ]
	},

	"_LK103Fire": {
		"category" : "player",
		"sounds" : [ "flansmod:_LK103Fire" ]
	},

	"_LK103Reload": {
		"category" : "player",
		"sounds" : [ "flansmod:_LK103Reload" ]
	},

	"_KGL40Fire": {
		"catergory" : "player",
		"sounds" : [ "flansmod:_KGL40Fire" ]
	},

	"_KGL40Reload": {
		"catergory" : "player",
		"sounds" : [ "flansmod:_KGL40Reload" ]
	},

	"_XM240Fire": {
		"catergory" : "player",
		"sounds" : [ "flansmod:_XM240Fire" ]
	},

	"_XM240Reload": {
		"catergory" : "player",
		"sounds" : [ "flansmod:_XM240Reload" ]
	},

	"mpackp226Reload": {
		"category" : "player",
		"sounds" : [ "flansmod:mpackp226Reload" ]
	},

	"mpackm1911Shoot": {
		"category" : "player",
		"sounds" : [ "flansmod:mpackm1911Shoot" ]
	},

	"mpackGlock17Shoot": {
		"category" : "player",
		"sounds" : [ "flansmod:mpackGlock17Shoot" ]
	},

	"mpackm249Shoot": {
		"category" : "player",
		"sounds" : [ "flansmod:mpackm249Shoot" ]
	},

	"mpackBrowningReload": {
		"category" : "player",
		"sounds" : [ "flansmod:mpackBrowningReload" ]
	},

	"AK47Shoot": {
		"category" : "player",
		"sounds" : [ "flansmod:AK47Shoot" ]
	},

	"M16Reload": {
		"category" : "player",
		"sounds" : [ "flansmod:M16Reload" ]
	},

	"MPACKDracoShoot": {
		"category" : "player",
		"sounds" : [ "flansmod:MPACKDracoShoot" ]
	},

	"Flak": {
		"category" : "player",
		"sounds" : [ "Flak" ]
        },

	"springfieldReload": {
		"category" : "player",
		"sounds" : [ "springfieldReload" ]
        },

	"mpackscarhShoot": {
		"category" : "player",
		"sounds" : [ "flansmod:mpackscarhShoot" ]
	},

	"mpack417Shoot": {
		"category" : "player",
		"sounds" : [ "flansmod:mpack417Shoot" ]
	},

	"mpackVSSShoot": {
		"category" : "player",
		"sounds" : [ "flansmod:mpackVSSShoot" ]
	},

	"mpackreload2": {
		"category" : "player",
		"sounds" : [ "flansmod:mpackreload2" ]
	},

	"mpack9mmshoot": {
		"category" : "player",
		"sounds" : [ "flansmod:mpack9mmshoot" ]
	},

	"Mini14Reload": {
		"category" : "player",
		"sounds" : [ "flansmod:Mini14Reload" ]
	},

	"mpackMP5Shoot": {
		"category" : "player",
		"sounds" : [ "flansmod:mpackMP5Shoot" ]
	},

	"mpackSteyrShoot": {
		"category" : "player",
		"sounds" : [ "flansmod:mpackSteyrShoot" ]
	},

	"M16Shoot": {
		"category" : "player",
		"sounds" : [ "flansmod:M16Shoot" ]
	},

	"l96Shoot": {
		"category" : "player",
		"sounds" : [ "flansmod:l96Shoot" ]
	},

	"mpackthompsonShoot": {
		"category" : "player",
		"sounds" : [ "flansmod:mpackthompsonShoot" ]
	},

	"mpackM4A1_Shoot": {
		"category" : "player",
		"sounds" : [ "flansmod:mpackM4A1_Shoot" ]
	},

	"mpackP90_Shoot": {
		"category" : "player",
		"sounds" : [ "flansmod:mpackP90_Shoot" ]
	},

	"mpackpythonShoot": {
		"category" : "player",
		"sounds" : [ "flansmod:mpackpythonShoot" ]
	},

	"mpackrevolverReload": {
		"category" : "player",
		"sounds" : [ "flansmod:mpackrevolverReload" ]
	},

	"mpack500reload": {
		"category" : "player",
		"sounds" : [ "flansmod:mpack500reload" ]
	},

	"mpack870Shoot": {
		"category" : "player",
		"sounds" : [ "flansmod:mpack870Shoot" ]
	},

	"mpackM82Shoot": {
		"category" : "player",
		"sounds" : [ "flansmod:mpackM82Shoot" ]
	},
	
		"TaserShoot": {
		"category" : "player",
		"sounds" : [ "flansmod:TaserShoot" ]
	},
	
		"SRT8Start": {
		"category" : "player",
		"sounds" : [ "flansmod:SRT8Start" ]
	},
	
		"StartMonster": {
		"category" : "player",
		"sounds" : [ "flansmod:StartMonster" ]
	},
	
		"TaserReload": {
		"category" : "player",
		"sounds" : [ "flansmod:TaserReload" ]
	},
	
	    "WMLHSound": {
		"category" : "player",
		"sounds" : [ "flansmod:WMLHSound" ]
	},
	
	    "WMLHStart": {
		"category" : "player",
		"sounds" : [ "flansmod:WMLHStart" ]
	}
}